Document Number,Document CCY,Document Amt,Issue Date,Doc Terms,Shipment Date,Doc Tenor Start Date,Doc Tenor,Doc Due Date,Acceptance Flag,Doc Version No,RFF Flag,RFF Fin Ccy,Fin %,RFF Amt,Fin Tenor,Maturity Date,Manual Disapproval,Goods Desc,Country Of Origin,Shipment From,Shipment from Country,Shipment To,Shipment to Country,Shipment Ref No,Vessel/Airline Name,Goods Category,Shipment By,Shipment Document,Notify Party Name,Notify Party Cty,Agents Name,Agents Cty,Shipping/Airline Company Name,Shipping/Airline Company Cty,Third Party Name,Third Party Cty,Carrier,Consignee,Shipper,Forwarder Company Name,Final Destination of Goods,Final Destination of Goods Cty,Port Of Transhipment,Agents Name 1,Notify Party Name 1,Third Party Name 1,Third Party Name 2,Place of Taking Charge,Place of Taking Charge Country,Additional Label 1,Additional Details 1,Additional Label 2,Additional Details 2,Additional Label 3,Additional Details 3,Additional Label 4,Additional Details 4,Additional Label 5,Additional Details 5,Additional Label 6,Additional Details 6,LC / Non LC Expiry date
Non LC Reference number/LC Reference number/NON LC REF NO/LC REF NO/Purchase Order/Contract/Invoice Number/Draft Reference Number/Reference Number/Ref,Non LC Currency and Amount/LC Currency and Amount/Purchase Order CURRENCY AND AMOUNT/Contract CURRENCY AND AMOUNT/Invoice CURRENCY AND AMOUNT/Draft Reference  CURRENCY AND AMOUNT/Reference CURRENCY AND AMOUNT/Transaction CURRENCY AND AMOUNT/CURRENCY AND AMOUNT/Amount,Non LC Currency and Amount/LC Currency and Amount/Purchase Order CURRENCY AND AMOUNT/Contract CURRENCY AND AMOUNT/Invoice CURRENCY AND AMOUNT/Draft Reference  CURRENCY AND AMOUNT/Reference CURRENCY AND AMOUNT/Transaction CURRENCY AND AMOUNT/CURRENCY AND AMOUNT/Amount,,,Shipment Date/Ship Date/Shipment DT/Ship DT/Date of Shipment/Date of Ship,,Tenor,BILLS MATURITY DATE/Due date/Maturity Date,,,,,,,,,,Description of goods/Goods Description/Goods Desc./Commodity/Merchandise,Country of Origin of Goods/COUNTRY OF ORIGIN/origin country/Origin/COO,Port of Loading/Loading Port/Load Port/Shipment from/Shipment frm/shipped from/ship from/POS/Port of Shipment/Port of Ship/POL,Port of Loading/Loading Port/Load Port/Shipment from/Shipment frm/shipped from/ship from/POS/Port of Shipment/Port of Ship/POL,Port of Discharge/Discharge port/Destination port/Destn port/Shipment to/Ship to/POD,Port of Discharge/Discharge port/Destination port/Destn port/Shipment to/Ship to/POD,,,,,,Name and Address of Importer/Name of Importer/Importer Name/Applicant name/Name of Applicant/Applicant/App/Aplnt/Buyer,Name and Address of Importer/Address of Importer,Name and Address of Exporter/Name of Exporter/Exporter Name/Name of Seller/Seller name/Name of Beneficiary/Beneficiary name/Beneficiary/Bene/Ben/Seller/Supplier,Name and Address of Exporter/Address of Exporter,,,,,,,,,,,,,,,,,,,,,,,,,,,,,,NON LC EXPIRY DATE/LC EXPIRY DATE/Expiry date
,USD,(\d.*)\s,,,fn_date__,,\d+,fn_date__,,,,,,,,,,,ANDORRA|AD,,ANDORRA|AD,,ANDORRA|AD,,,,,,,ANDORRA|AD,,ANDORRA|AD,,,,,,,,,,,,,,,,,,,,,,,,,,,,,,fn_date__
,EUR,(\d.*)$,,,,,,,,,,,,,,,,,UNITED\s+ARAB\s+EMIRATES|AE,,UNITED\s+ARAB\s+EMIRATES|AE,,UNITED\s+ARAB\s+EMIRATES|AE,,,,,,,UNITED\s+ARAB\s+EMIRATES|AE,,UNITED\s+ARAB\s+EMIRATES|AE,,,,,,,,,,,,,,,,,,,,,,,,,,,,,,
,AFN,,,,,,,,,,,,,,,,,,AFGHANISTAN|AF,,AFGHANISTAN|AF,,AFGHANISTAN|AF,,,,,,,AFGHANISTAN|AF,,AFGHANISTAN|AF,,,,,,,,,,,,,,,,,,,,,,,,,,,,,,
,ALL,,,,,,,,,,,,,,,,,,ANTIGUA\s+AND\s+BARBUDA|AG,,ANTIGUA\s+AND\s+BARBUDA|AG,,ANTIGUA\s+AND\s+BARBUDA|AG,,,,,,,ANTIGUA\s+AND\s+BARBUDA|AG,,ANTIGUA\s+AND\s+BARBUDA|AG,,,,,,,,,,,,,,,,,,,,,,,,,,,,,,
,DZD,,,,,,,,,,,,,,,,,,ANGUILLA|AI,,ANGUILLA|AI,,ANGUILLA|AI,,,,,,,ANGUILLA|AI,,ANGUILLA|AI,,,,,,,,,,,,,,,,,,,,,,,,,,,,,,
,AOA,,,,,,,,,,,,,,,,,,ALBANIA|AL,,ALBANIA|AL,,ALBANIA|AL,,,,,,,ALBANIA|AL,,ALBANIA|AL,,,,,,,,,,,,,,,,,,,,,,,,,,,,,,
,XCD,,,,,,,,,,,,,,,,,,ARMENIA|AM,,ARMENIA|AM,,ARMENIA|AM,,,,,,,ARMENIA|AM,,ARMENIA|AM,,,,,,,,,,,,,,,,,,,,,,,,,,,,,,
,ARS,,,,,,,,,,,,,,,,,,ANGOLA|AO,,ANGOLA|AO,,ANGOLA|AO,,,,,,,ANGOLA|AO,,ANGOLA|AO,,,,,,,,,,,,,,,,,,,,,,,,,,,,,,
,AMD,,,,,,,,,,,,,,,,,,ANTARCTICA|AQ,,ANTARCTICA|AQ,,ANTARCTICA|AQ,,,,,,,ANTARCTICA|AQ,,ANTARCTICA|AQ,,,,,,,,,,,,,,,,,,,,,,,,,,,,,,
,AWG,,,,,,,,,,,,,,,,,,ARGENTINA|AR,,ARGENTINA|AR,,ARGENTINA|AR,,,,,,,ARGENTINA|AR,,ARGENTINA|AR,,,,,,,,,,,,,,,,,,,,,,,,,,,,,,
,AUD,,,,,,,,,,,,,,,,,,AMERICAN\s+SAMOA\s+ASM|AS,,AMERICAN\s+SAMOA\s+ASM|AS,,AMERICAN\s+SAMOA\s+ASM|AS,,,,,,,AMERICAN\s+SAMOA\s+ASM|AS,,AMERICAN\s+SAMOA\s+ASM|AS,,,,,,,,,,,,,,,,,,,,,,,,,,,,,,
,AZN,,,,,,,,,,,,,,,,,,AUSTRIA|AT,,AUSTRIA|AT,,AUSTRIA|AT,,,,,,,AUSTRIA|AT,,AUSTRIA|AT,,,,,,,,,,,,,,,,,,,,,,,,,,,,,,
,BSD,,,,,,,,,,,,,,,,,,AUSTRALIA|AU,,AUSTRALIA|AU,,AUSTRALIA|AU,,,,,,,AUSTRALIA|AU,,AUSTRALIA|AU,,,,,,,,,,,,,,,,,,,,,,,,,,,,,,
,BHD,,,,,,,,,,,,,,,,,,ARUBA|AW,,ARUBA|AW,,ARUBA|AW,,,,,,,ARUBA|AW,,ARUBA|AW,,,,,,,,,,,,,,,,,,,,,,,,,,,,,,
,BDT,,,,,,,,,,,,,,,,,,ALAND\s+ISLANDS\s+ALA|AX,,ALAND\s+ISLANDS\s+ALA|AX,,ALAND\s+ISLANDS\s+ALA|AX,,,,,,,ALAND\s+ISLANDS\s+ALA|AX,,ALAND\s+ISLANDS\s+ALA|AX,,,,,,,,,,,,,,,,,,,,,,,,,,,,,,
,BBD,,,,,,,,,,,,,,,,,,AZERBAIJAN|AZ,,AZERBAIJAN|AZ,,AZERBAIJAN|AZ,,,,,,,AZERBAIJAN|AZ,,AZERBAIJAN|AZ,,,,,,,,,,,,,,,,,,,,,,,,,,,,,,
,BYR,,,,,,,,,,,,,,,,,,BOSNIA\s+AND\s+HERZEGOVINA|BA,,BOSNIA\s+AND\s+HERZEGOVINA|BA,,BOSNIA\s+AND\s+HERZEGOVINA|BA,,,,,,,BOSNIA\s+AND\s+HERZEGOVINA|BA,,BOSNIA\s+AND\s+HERZEGOVINA|BA,,,,,,,,,,,,,,,,,,,,,,,,,,,,,,
,BZD,,,,,,,,,,,,,,,,,,BARBADOS|BB,,BARBADOS|BB,,BARBADOS|BB,,,,,,,BARBADOS|BB,,BARBADOS|BB,,,,,,,,,,,,,,,,,,,,,,,,,,,,,,
,XOF,,,,,,,,,,,,,,,,,,BANGLADESH|BD,,BANGLADESH|BD,,BANGLADESH|BD,,,,,,,BANGLADESH|BD,,BANGLADESH|BD,,,,,,,,,,,,,,,,,,,,,,,,,,,,,,
,BMD,,,,,,,,,,,,,,,,,,BELGIUM|BE,,BELGIUM|BE,,BELGIUM|BE,,,,,,,BELGIUM|BE,,BELGIUM|BE,,,,,,,,,,,,,,,,,,,,,,,,,,,,,,
,BTN,,,,,,,,,,,,,,,,,,BURKINA\s+FASO|BF,,BURKINA\s+FASO|BF,,BURKINA\s+FASO|BF,,,,,,,BURKINA\s+FASO|BF,,BURKINA\s+FASO|BF,,,,,,,,,,,,,,,,,,,,,,,,,,,,,,
,INR,,,,,,,,,,,,,,,,,,BULGARIA|BG,,BULGARIA|BG,,BULGARIA|BG,,,,,,,BULGARIA|BG,,BULGARIA|BG,,,,,,,,,,,,,,,,,,,,,,,,,,,,,,
,BOB,,,,,,,,,,,,,,,,,,BAHRAIN|BH,,BAHRAIN|BH,,BAHRAIN|BH,,,,,,,BAHRAIN|BH,,BAHRAIN|BH,,,,,,,,,,,,,,,,,,,,,,,,,,,,,,
,BOV,,,,,,,,,,,,,,,,,,BURUNDI|BI,,BURUNDI|BI,,BURUNDI|BI,,,,,,,BURUNDI|BI,,BURUNDI|BI,,,,,,,,,,,,,,,,,,,,,,,,,,,,,,
,BAM,,,,,,,,,,,,,,,,,,BENIN|BJ,,BENIN|BJ,,BENIN|BJ,,,,,,,BENIN|BJ,,BENIN|BJ,,,,,,,,,,,,,,,,,,,,,,,,,,,,,,
,BWP,,,,,,,,,,,,,,,,,,SAINT\s+BARTHELEMY|BL,,SAINT\s+BARTHELEMY|BL,,SAINT\s+BARTHELEMY|BL,,,,,,,SAINT\s+BARTHELEMY|BL,,SAINT\s+BARTHELEMY|BL,,,,,,,,,,,,,,,,,,,,,,,,,,,,,,
,NOK,,,,,,,,,,,,,,,,,,BERMUDA|BM,,BERMUDA|BM,,BERMUDA|BM,,,,,,,BERMUDA|BM,,BERMUDA|BM,,,,,,,,,,,,,,,,,,,,,,,,,,,,,,
,BRL,,,,,,,,,,,,,,,,,,BRUNEI\s+DARUSSALAM|BN,,BRUNEI\s+DARUSSALAM|BN,,BRUNEI\s+DARUSSALAM|BN,,,,,,,BRUNEI\s+DARUSSALAM|BN,,BRUNEI\s+DARUSSALAM|BN,,,,,,,,,,,,,,,,,,,,,,,,,,,,,,
,BND,,,,,,,,,,,,,,,,,,BOLIVIA|BO,,BOLIVIA|BO,,BOLIVIA|BO,,,,,,,BOLIVIA|BO,,BOLIVIA|BO,,,,,,,,,,,,,,,,,,,,,,,,,,,,,,
,BGN,,,,,,,,,,,,,,,,,,BONAIR\s+ST\s+EUSTATIUS\s+SABA|BQ,,BONAIR\s+ST\s+EUSTATIUS\s+SABA|BQ,,BONAIR\s+ST\s+EUSTATIUS\s+SABA|BQ,,,,,,,BONAIR\s+ST\s+EUSTATIUS\s+SABA|BQ,,BONAIR\s+ST\s+EUSTATIUS\s+SABA|BQ,,,,,,,,,,,,,,,,,,,,,,,,,,,,,,
,BIF,,,,,,,,,,,,,,,,,,BRAZIL|BR,,BRAZIL|BR,,BRAZIL|BR,,,,,,,BRAZIL|BR,,BRAZIL|BR,,,,,,,,,,,,,,,,,,,,,,,,,,,,,,
,CVE,,,,,,,,,,,,,,,,,,BAHAMAS|BS,,BAHAMAS|BS,,BAHAMAS|BS,,,,,,,BAHAMAS|BS,,BAHAMAS|BS,,,,,,,,,,,,,,,,,,,,,,,,,,,,,,
,KHR,,,,,,,,,,,,,,,,,,BHUTAN|BT,,BHUTAN|BT,,BHUTAN|BT,,,,,,,BHUTAN|BT,,BHUTAN|BT,,,,,,,,,,,,,,,,,,,,,,,,,,,,,,
,XAF,,,,,,,,,,,,,,,,,,BOUVET\s+ISLAND\s+BVT|BV,,BOUVET\s+ISLAND\s+BVT|BV,,BOUVET\s+ISLAND\s+BVT|BV,,,,,,,BOUVET\s+ISLAND\s+BVT|BV,,BOUVET\s+ISLAND\s+BVT|BV,,,,,,,,,,,,,,,,,,,,,,,,,,,,,,
,CAD,,,,,,,,,,,,,,,,,,BOTSWANA|BW,,BOTSWANA|BW,,BOTSWANA|BW,,,,,,,BOTSWANA|BW,,BOTSWANA|BW,,,,,,,,,,,,,,,,,,,,,,,,,,,,,,
,KYD,,,,,,,,,,,,,,,,,,BELARUS|BY,,BELARUS|BY,,BELARUS|BY,,,,,,,BELARUS|BY,,BELARUS|BY,,,,,,,,,,,,,,,,,,,,,,,,,,,,,,
,CLF,,,,,,,,,,,,,,,,,,BELIZE|BZ,,BELIZE|BZ,,BELIZE|BZ,,,,,,,BELIZE|BZ,,BELIZE|BZ,,,,,,,,,,,,,,,,,,,,,,,,,,,,,,
,CLP,,,,,,,,,,,,,,,,,,CANADA|CA,,CANADA|CA,,CANADA|CA,,,,,,,CANADA|CA,,CANADA|CA,,,,,,,,,,,,,,,,,,,,,,,,,,,,,,
,CNY,,,,,,,,,,,,,,,,,,COCOS\s+(KEELING)\s+ISL\s+CCK|CC,,COCOS\s+(KEELING)\s+ISL\s+CCK|CC,,COCOS\s+(KEELING)\s+ISL\s+CCK|CC,,,,,,,COCOS\s+(KEELING)\s+ISL\s+CCK|CC,,COCOS\s+(KEELING)\s+ISL\s+CCK|CC,,,,,,,,,,,,,,,,,,,,,,,,,,,,,,
,COP,,,,,,,,,,,,,,,,,,DEM\s+REPUBLIC\s+CONGO\s+ZAIRE|CD,,DEM\s+REPUBLIC\s+CONGO\s+ZAIRE|CD,,DEM\s+REPUBLIC\s+CONGO\s+ZAIRE|CD,,,,,,,DEM\s+REPUBLIC\s+CONGO\s+ZAIRE|CD,,DEM\s+REPUBLIC\s+CONGO\s+ZAIRE|CD,,,,,,,,,,,,,,,,,,,,,,,,,,,,,,
,COU,,,,,,,,,,,,,,,,,,CENTRAL\s+AFRICAN\s+REP\s+CAF|CF,,CENTRAL\s+AFRICAN\s+REP\s+CAF|CF,,CENTRAL\s+AFRICAN\s+REP\s+CAF|CF,,,,,,,CENTRAL\s+AFRICAN\s+REP\s+CAF|CF,,CENTRAL\s+AFRICAN\s+REP\s+CAF|CF,,,,,,,,,,,,,,,,,,,,,,,,,,,,,,
,KMF,,,,,,,,,,,,,,,,,,REPUBLIC\s+OF\s+THE\s+CONGO|CG,,REPUBLIC\s+OF\s+THE\s+CONGO|CG,,REPUBLIC\s+OF\s+THE\s+CONGO|CG,,,,,,,REPUBLIC\s+OF\s+THE\s+CONGO|CG,,REPUBLIC\s+OF\s+THE\s+CONGO|CG,,,,,,,,,,,,,,,,,,,,,,,,,,,,,,
,CDF,,,,,,,,,,,,,,,,,,SWITZERLAND|CH,,SWITZERLAND|CH,,SWITZERLAND|CH,,,,,,,SWITZERLAND|CH,,SWITZERLAND|CH,,,,,,,,,,,,,,,,,,,,,,,,,,,,,,
,NZD,,,,,,,,,,,,,,,,,,COTE\s+D\s+IVOIRE|CI,,COTE\s+D\s+IVOIRE|CI,,COTE\s+D\s+IVOIRE|CI,,,,,,,COTE\s+D\s+IVOIRE|CI,,COTE\s+D\s+IVOIRE|CI,,,,,,,,,,,,,,,,,,,,,,,,,,,,,,
,CRC,,,,,,,,,,,,,,,,,,COOK\s+ISLANDS\s+COK|CK,,COOK\s+ISLANDS\s+COK|CK,,COOK\s+ISLANDS\s+COK|CK,,,,,,,COOK\s+ISLANDS\s+COK|CK,,COOK\s+ISLANDS\s+COK|CK,,,,,,,,,,,,,,,,,,,,,,,,,,,,,,
,HRK,,,,,,,,,,,,,,,,,,CHILE|CL,,CHILE|CL,,CHILE|CL,,,,,,,CHILE|CL,,CHILE|CL,,,,,,,,,,,,,,,,,,,,,,,,,,,,,,
,CUC,,,,,,,,,,,,,,,,,,CAMEROON|CM,,CAMEROON|CM,,CAMEROON|CM,,,,,,,CAMEROON|CM,,CAMEROON|CM,,,,,,,,,,,,,,,,,,,,,,,,,,,,,,
,CUP,,,,,,,,,,,,,,,,,,CHINA|CN,,CHINA|CN,,CHINA|CN,,,,,,,CHINA|CN,,CHINA|CN,,,,,,,,,,,,,,,,,,,,,,,,,,,,,,
,ANG,,,,,,,,,,,,,,,,,,COLOMBIA|CO,,COLOMBIA|CO,,COLOMBIA|CO,,,,,,,COLOMBIA|CO,,COLOMBIA|CO,,,,,,,,,,,,,,,,,,,,,,,,,,,,,,
,CZK,,,,,,,,,,,,,,,,,,COSTA\s+RICA|CR,,COSTA\s+RICA|CR,,COSTA\s+RICA|CR,,,,,,,COSTA\s+RICA|CR,,COSTA\s+RICA|CR,,,,,,,,,,,,,,,,,,,,,,,,,,,,,,
,DKK,,,,,,,,,,,,,,,,,,CUBA|CU,,CUBA|CU,,CUBA|CU,,,,,,,CUBA|CU,,CUBA|CU,,,,,,,,,,,,,,,,,,,,,,,,,,,,,,
,DJF,,,,,,,,,,,,,,,,,,CABO\s+VERDE|CV,,CABO\s+VERDE|CV,,CABO\s+VERDE|CV,,,,,,,CABO\s+VERDE|CV,,CABO\s+VERDE|CV,,,,,,,,,,,,,,,,,,,,,,,,,,,,,,
,DOP,,,,,,,,,,,,,,,,,,CURACAO|CW,,CURACAO|CW,,CURACAO|CW,,,,,,,CURACAO|CW,,CURACAO|CW,,,,,,,,,,,,,,,,,,,,,,,,,,,,,,
,EGP,,,,,,,,,,,,,,,,,,CHRISTMAS\s+ISLAND\s+CXR|CX,,CHRISTMAS\s+ISLAND\s+CXR|CX,,CHRISTMAS\s+ISLAND\s+CXR|CX,,,,,,,CHRISTMAS\s+ISLAND\s+CXR|CX,,CHRISTMAS\s+ISLAND\s+CXR|CX,,,,,,,,,,,,,,,,,,,,,,,,,,,,,,
,SVC,,,,,,,,,,,,,,,,,,CYPRUS|CY,,CYPRUS|CY,,CYPRUS|CY,,,,,,,CYPRUS|CY,,CYPRUS|CY,,,,,,,,,,,,,,,,,,,,,,,,,,,,,,
,ERN,,,,,,,,,,,,,,,,,,CZECH\s+REPUBLIC\s+CZE|CZ,,CZECH\s+REPUBLIC\s+CZE|CZ,,CZECH\s+REPUBLIC\s+CZE|CZ,,,,,,,CZECH\s+REPUBLIC\s+CZE|CZ,,CZECH\s+REPUBLIC\s+CZE|CZ,,,,,,,,,,,,,,,,,,,,,,,,,,,,,,
,ETB,,,,,,,,,,,,,,,,,,GERMANY|DE,,GERMANY|DE,,GERMANY|DE,,,,,,,GERMANY|DE,,GERMANY|DE,,,,,,,,,,,,,,,,,,,,,,,,,,,,,,
,FKP,,,,,,,,,,,,,,,,,,DUBAI\s+INTL\s+FIN\s+CNTR\s+DIFC|DF,,DUBAI\s+INTL\s+FIN\s+CNTR\s+DIFC|DF,,DUBAI\s+INTL\s+FIN\s+CNTR\s+DIFC|DF,,,,,,,DUBAI\s+INTL\s+FIN\s+CNTR\s+DIFC|DF,,DUBAI\s+INTL\s+FIN\s+CNTR\s+DIFC|DF,,,,,,,,,,,,,,,,,,,,,,,,,,,,,,
,FJD,,,,,,,,,,,,,,,,,,DJIBOUTI|DJ,,DJIBOUTI|DJ,,DJIBOUTI|DJ,,,,,,,DJIBOUTI|DJ,,DJIBOUTI|DJ,,,,,,,,,,,,,,,,,,,,,,,,,,,,,,
,XPF,,,,,,,,,,,,,,,,,,DENMARK|DK,,DENMARK|DK,,DENMARK|DK,,,,,,,DENMARK|DK,,DENMARK|DK,,,,,,,,,,,,,,,,,,,,,,,,,,,,,,
,GMD,,,,,,,,,,,,,,,,,,DOMINICA|DM,,DOMINICA|DM,,DOMINICA|DM,,,,,,,DOMINICA|DM,,DOMINICA|DM,,,,,,,,,,,,,,,,,,,,,,,,,,,,,,
,GEL,,,,,,,,,,,,,,,,,,REPUBLIC\s+DOMINICAN|DO,,REPUBLIC\s+DOMINICAN|DO,,REPUBLIC\s+DOMINICAN|DO,,,,,,,REPUBLIC\s+DOMINICAN|DO,,REPUBLIC\s+DOMINICAN|DO,,,,,,,,,,,,,,,,,,,,,,,,,,,,,,
,GHS,,,,,,,,,,,,,,,,,,ALGERIA|DZ,,ALGERIA|DZ,,ALGERIA|DZ,,,,,,,ALGERIA|DZ,,ALGERIA|DZ,,,,,,,,,,,,,,,,,,,,,,,,,,,,,,
,GIP,,,,,,,,,,,,,,,,,,ECUADOR|EC,,ECUADOR|EC,,ECUADOR|EC,,,,,,,ECUADOR|EC,,ECUADOR|EC,,,,,,,,,,,,,,,,,,,,,,,,,,,,,,
,GTQ,,,,,,,,,,,,,,,,,,ESTONIA|EE,,ESTONIA|EE,,ESTONIA|EE,,,,,,,ESTONIA|EE,,ESTONIA|EE,,,,,,,,,,,,,,,,,,,,,,,,,,,,,,
,GBP,,,,,,,,,,,,,,,,,,EGYPT|EG,,EGYPT|EG,,EGYPT|EG,,,,,,,EGYPT|EG,,EGYPT|EG,,,,,,,,,,,,,,,,,,,,,,,,,,,,,,
,GNF,,,,,,,,,,,,,,,,,,WESTERN\s+SAHARA|EH,,WESTERN\s+SAHARA|EH,,WESTERN\s+SAHARA|EH,,,,,,,WESTERN\s+SAHARA|EH,,WESTERN\s+SAHARA|EH,,,,,,,,,,,,,,,,,,,,,,,,,,,,,,
,GYD,,,,,,,,,,,,,,,,,,ERITREA|ER,,ERITREA|ER,,ERITREA|ER,,,,,,,ERITREA|ER,,ERITREA|ER,,,,,,,,,,,,,,,,,,,,,,,,,,,,,,
,HTG,,,,,,,,,,,,,,,,,,SPAIN|ES,,SPAIN|ES,,SPAIN|ES,,,,,,,SPAIN|ES,,SPAIN|ES,,,,,,,,,,,,,,,,,,,,,,,,,,,,,,
,HNL,,,,,,,,,,,,,,,,,,ETHIOPIA|ET,,ETHIOPIA|ET,,ETHIOPIA|ET,,,,,,,ETHIOPIA|ET,,ETHIOPIA|ET,,,,,,,,,,,,,,,,,,,,,,,,,,,,,,
,HKD,,,,,,,,,,,,,,,,,,FINLAND|FI,,FINLAND|FI,,FINLAND|FI,,,,,,,FINLAND|FI,,FINLAND|FI,,,,,,,,,,,,,,,,,,,,,,,,,,,,,,
,HUF,,,,,,,,,,,,,,,,,,FIJI|FJ,,FIJI|FJ,,FIJI|FJ,,,,,,,FIJI|FJ,,FIJI|FJ,,,,,,,,,,,,,,,,,,,,,,,,,,,,,,
,ISK,,,,,,,,,,,,,,,,,,FALKLAND\s+ISLANDS\s+FLK|FK,,FALKLAND\s+ISLANDS\s+FLK|FK,,FALKLAND\s+ISLANDS\s+FLK|FK,,,,,,,FALKLAND\s+ISLANDS\s+FLK|FK,,FALKLAND\s+ISLANDS\s+FLK|FK,,,,,,,,,,,,,,,,,,,,,,,,,,,,,,
,IDR,,,,,,,,,,,,,,,,,,MICRONESIA|FM,,MICRONESIA|FM,,MICRONESIA|FM,,,,,,,MICRONESIA|FM,,MICRONESIA|FM,,,,,,,,,,,,,,,,,,,,,,,,,,,,,,
,XDR,,,,,,,,,,,,,,,,,,FAROE|FO,,FAROE|FO,,FAROE|FO,,,,,,,FAROE|FO,,FAROE|FO,,,,,,,,,,,,,,,,,,,,,,,,,,,,,,
,IRR,,,,,,,,,,,,,,,,,,FRANCE|FR,,FRANCE|FR,,FRANCE|FR,,,,,,,FRANCE|FR,,FRANCE|FR,,,,,,,,,,,,,,,,,,,,,,,,,,,,,,
,IQD,,,,,,,,,,,,,,,,,,GABON|GA,,GABON|GA,,GABON|GA,,,,,,,GABON|GA,,GABON|GA,,,,,,,,,,,,,,,,,,,,,,,,,,,,,,
,ILS,,,,,,,,,,,,,,,,,,UNITED\s+KINGDOM|GB,,UNITED\s+KINGDOM|GB,,UNITED\s+KINGDOM|GB,,,,,,,UNITED\s+KINGDOM|GB,,UNITED\s+KINGDOM|GB,,,,,,,,,,,,,,,,,,,,,,,,,,,,,,
,JMD,,,,,,,,,,,,,,,,,,GRENADA|GD,,GRENADA|GD,,GRENADA|GD,,,,,,,GRENADA|GD,,GRENADA|GD,,,,,,,,,,,,,,,,,,,,,,,,,,,,,,
,JPY,,,,,,,,,,,,,,,,,,GEORGIA|GE,,GEORGIA|GE,,GEORGIA|GE,,,,,,,GEORGIA|GE,,GEORGIA|GE,,,,,,,,,,,,,,,,,,,,,,,,,,,,,,
,JOD,,,,,,,,,,,,,,,,,,FRENCH\s+GUIANA|GF,,FRENCH\s+GUIANA|GF,,FRENCH\s+GUIANA|GF,,,,,,,FRENCH\s+GUIANA|GF,,FRENCH\s+GUIANA|GF,,,,,,,,,,,,,,,,,,,,,,,,,,,,,,
,KZT,,,,,,,,,,,,,,,,,,GUERNSEY|GG,,GUERNSEY|GG,,GUERNSEY|GG,,,,,,,GUERNSEY|GG,,GUERNSEY|GG,,,,,,,,,,,,,,,,,,,,,,,,,,,,,,
,KES,,,,,,,,,,,,,,,,,,GHANA|GH,,GHANA|GH,,GHANA|GH,,,,,,,GHANA|GH,,GHANA|GH,,,,,,,,,,,,,,,,,,,,,,,,,,,,,,
,KPW,,,,,,,,,,,,,,,,,,GIBRALTAR|GI,,GIBRALTAR|GI,,GIBRALTAR|GI,,,,,,,GIBRALTAR|GI,,GIBRALTAR|GI,,,,,,,,,,,,,,,,,,,,,,,,,,,,,,
,KRW,,,,,,,,,,,,,,,,,,GREENLAND|GL,,GREENLAND|GL,,GREENLAND|GL,,,,,,,GREENLAND|GL,,GREENLAND|GL,,,,,,,,,,,,,,,,,,,,,,,,,,,,,,
,KWD,,,,,,,,,,,,,,,,,,GAMBIA|GM,,GAMBIA|GM,,GAMBIA|GM,,,,,,,GAMBIA|GM,,GAMBIA|GM,,,,,,,,,,,,,,,,,,,,,,,,,,,,,,
,KGS,,,,,,,,,,,,,,,,,,REPUBLIC\s+OF\s+GUINEA|GN,,REPUBLIC\s+OF\s+GUINEA|GN,,REPUBLIC\s+OF\s+GUINEA|GN,,,,,,,REPUBLIC\s+OF\s+GUINEA|GN,,REPUBLIC\s+OF\s+GUINEA|GN,,,,,,,,,,,,,,,,,,,,,,,,,,,,,,
,LAK,,,,,,,,,,,,,,,,,,GUADELOUPE|GP,,GUADELOUPE|GP,,GUADELOUPE|GP,,,,,,,GUADELOUPE|GP,,GUADELOUPE|GP,,,,,,,,,,,,,,,,,,,,,,,,,,,,,,
,LBP,,,,,,,,,,,,,,,,,,GUINEA\s+EQUATORIAL|GQ,,GUINEA\s+EQUATORIAL|GQ,,GUINEA\s+EQUATORIAL|GQ,,,,,,,GUINEA\s+EQUATORIAL|GQ,,GUINEA\s+EQUATORIAL|GQ,,,,,,,,,,,,,,,,,,,,,,,,,,,,,,
,LSL,,,,,,,,,,,,,,,,,,GREECE|GR,,GREECE|GR,,GREECE|GR,,,,,,,GREECE|GR,,GREECE|GR,,,,,,,,,,,,,,,,,,,,,,,,,,,,,,
,ZAR,,,,,,,,,,,,,,,,,,SANDWICH\s+ISLANDS\s+SGS|GS,,SANDWICH\s+ISLANDS\s+SGS|GS,,SANDWICH\s+ISLANDS\s+SGS|GS,,,,,,,SANDWICH\s+ISLANDS\s+SGS|GS,,SANDWICH\s+ISLANDS\s+SGS|GS,,,,,,,,,,,,,,,,,,,,,,,,,,,,,,
,LRD,,,,,,,,,,,,,,,,,,GUATEMALA|GT,,GUATEMALA|GT,,GUATEMALA|GT,,,,,,,GUATEMALA|GT,,GUATEMALA|GT,,,,,,,,,,,,,,,,,,,,,,,,,,,,,,
,LYD,,,,,,,,,,,,,,,,,,GUAM|GU,,GUAM|GU,,GUAM|GU,,,,,,,GUAM|GU,,GUAM|GU,,,,,,,,,,,,,,,,,,,,,,,,,,,,,,
,CHF,,,,,,,,,,,,,,,,,,GUINEA-BISSAU|GW,,GUINEA-BISSAU|GW,,GUINEA-BISSAU|GW,,,,,,,GUINEA-BISSAU|GW,,GUINEA-BISSAU|GW,,,,,,,,,,,,,,,,,,,,,,,,,,,,,,
,MOP,,,,,,,,,,,,,,,,,,GUYANA|GY,,GUYANA|GY,,GUYANA|GY,,,,,,,GUYANA|GY,,GUYANA|GY,,,,,,,,,,,,,,,,,,,,,,,,,,,,,,
,MKD,,,,,,,,,,,,,,,,,,HONG\s+KONG|HK,,HONG\s+KONG|HK,,HONG\s+KONG|HK,,,,,,,HONG\s+KONG|HK,,HONG\s+KONG|HK,,,,,,,,,,,,,,,,,,,,,,,,,,,,,,
,MGA,,,,,,,,,,,,,,,,,,HEARD\s+MCDONALD\s+ISL\s+HMD|HM,,HEARD\s+MCDONALD\s+ISL\s+HMD|HM,,HEARD\s+MCDONALD\s+ISL\s+HMD|HM,,,,,,,HEARD\s+MCDONALD\s+ISL\s+HMD|HM,,HEARD\s+MCDONALD\s+ISL\s+HMD|HM,,,,,,,,,,,,,,,,,,,,,,,,,,,,,,
,MWK,,,,,,,,,,,,,,,,,,HONDURAS|HN,,HONDURAS|HN,,HONDURAS|HN,,,,,,,HONDURAS|HN,,HONDURAS|HN,,,,,,,,,,,,,,,,,,,,,,,,,,,,,,
,MYR,,,,,,,,,,,,,,,,,,CROATIA|HR,,CROATIA|HR,,CROATIA|HR,,,,,,,CROATIA|HR,,CROATIA|HR,,,,,,,,,,,,,,,,,,,,,,,,,,,,,,
,MVR,,,,,,,,,,,,,,,,,,HAITI|HT,,HAITI|HT,,HAITI|HT,,,,,,,HAITI|HT,,HAITI|HT,,,,,,,,,,,,,,,,,,,,,,,,,,,,,,
,MRU,,,,,,,,,,,,,,,,,,HUNGARY|HU,,HUNGARY|HU,,HUNGARY|HU,,,,,,,HUNGARY|HU,,HUNGARY|HU,,,,,,,,,,,,,,,,,,,,,,,,,,,,,,
,MUR,,,,,,,,,,,,,,,,,,INDONESIA|ID,,INDONESIA|ID,,INDONESIA|ID,,,,,,,INDONESIA|ID,,INDONESIA|ID,,,,,,,,,,,,,,,,,,,,,,,,,,,,,,
,XUA,,,,,,,,,,,,,,,,,,IRELAND|IE,,IRELAND|IE,,IRELAND|IE,,,,,,,IRELAND|IE,,IRELAND|IE,,,,,,,,,,,,,,,,,,,,,,,,,,,,,,
,MXN,,,,,,,,,,,,,,,,,,ISRAEL|IL,,ISRAEL|IL,,ISRAEL|IL,,,,,,,ISRAEL|IL,,ISRAEL|IL,,,,,,,,,,,,,,,,,,,,,,,,,,,,,,
,MXV,,,,,,,,,,,,,,,,,,ISLE\s+OF\s+MAN|IM,,ISLE\s+OF\s+MAN|IM,,ISLE\s+OF\s+MAN|IM,,,,,,,ISLE\s+OF\s+MAN|IM,,ISLE\s+OF\s+MAN|IM,,,,,,,,,,,,,,,,,,,,,,,,,,,,,,
,MDL,,,,,,,,,,,,,,,,,,INDIA|IN,,INDIA|IN,,INDIA|IN,,,,,,,INDIA|IN,,INDIA|IN,,,,,,,,,,,,,,,,,,,,,,,,,,,,,,
,MNT,,,,,,,,,,,,,,,,,,BRITISH\s+IND\s+OCN\s+TERR\s+IOT|IO,,BRITISH\s+IND\s+OCN\s+TERR\s+IOT|IO,,BRITISH\s+IND\s+OCN\s+TERR\s+IOT|IO,,,,,,,BRITISH\s+IND\s+OCN\s+TERR\s+IOT|IO,,BRITISH\s+IND\s+OCN\s+TERR\s+IOT|IO,,,,,,,,,,,,,,,,,,,,,,,,,,,,,,
,MAD,,,,,,,,,,,,,,,,,,IRAQ|IQ,,IRAQ|IQ,,IRAQ|IQ,,,,,,,IRAQ|IQ,,IRAQ|IQ,,,,,,,,,,,,,,,,,,,,,,,,,,,,,,
,MZN,,,,,,,,,,,,,,,,,,ISLAMIC\s+REPUBLIC\s+OF\s+IRAN|IR,,ISLAMIC\s+REPUBLIC\s+OF\s+IRAN|IR,,ISLAMIC\s+REPUBLIC\s+OF\s+IRAN|IR,,,,,,,ISLAMIC\s+REPUBLIC\s+OF\s+IRAN|IR,,ISLAMIC\s+REPUBLIC\s+OF\s+IRAN|IR,,,,,,,,,,,,,,,,,,,,,,,,,,,,,,
,MMK,,,,,,,,,,,,,,,,,,ICELAND|IS,,ICELAND|IS,,ICELAND|IS,,,,,,,ICELAND|IS,,ICELAND|IS,,,,,,,,,,,,,,,,,,,,,,,,,,,,,,
,NAD,,,,,,,,,,,,,,,,,,ITALY|IT,,ITALY|IT,,ITALY|IT,,,,,,,ITALY|IT,,ITALY|IT,,,,,,,,,,,,,,,,,,,,,,,,,,,,,,
,NPR,,,,,,,,,,,,,,,,,,JERSEY|JE,,JERSEY|JE,,JERSEY|JE,,,,,,,JERSEY|JE,,JERSEY|JE,,,,,,,,,,,,,,,,,,,,,,,,,,,,,,
,NIO,,,,,,,,,,,,,,,,,,JAMAICA|JM,,JAMAICA|JM,,JAMAICA|JM,,,,,,,JAMAICA|JM,,JAMAICA|JM,,,,,,,,,,,,,,,,,,,,,,,,,,,,,,
,NGN,,,,,,,,,,,,,,,,,,JORDAN|JO,,JORDAN|JO,,JORDAN|JO,,,,,,,JORDAN|JO,,JORDAN|JO,,,,,,,,,,,,,,,,,,,,,,,,,,,,,,
,OMR,,,,,,,,,,,,,,,,,,JAPAN|JP,,JAPAN|JP,,JAPAN|JP,,,,,,,JAPAN|JP,,JAPAN|JP,,,,,,,,,,,,,,,,,,,,,,,,,,,,,,
,PKR,,,,,,,,,,,,,,,,,,ENMARK|KD,,ENMARK|KD,,ENMARK|KD,,,,,,,ENMARK|KD,,ENMARK|KD,,,,,,,,,,,,,,,,,,,,,,,,,,,,,,
,PAB,,,,,,,,,,,,,,,,,,KENYA|KE,,KENYA|KE,,KENYA|KE,,,,,,,KENYA|KE,,KENYA|KE,,,,,,,,,,,,,,,,,,,,,,,,,,,,,,
,PGK,,,,,,,,,,,,,,,,,,KYRGYZSTAN|KG,,KYRGYZSTAN|KG,,KYRGYZSTAN|KG,,,,,,,KYRGYZSTAN|KG,,KYRGYZSTAN|KG,,,,,,,,,,,,,,,,,,,,,,,,,,,,,,
,PYG,,,,,,,,,,,,,,,,,,CAMBODIA|KH,,CAMBODIA|KH,,CAMBODIA|KH,,,,,,,CAMBODIA|KH,,CAMBODIA|KH,,,,,,,,,,,,,,,,,,,,,,,,,,,,,,
,PEN,,,,,,,,,,,,,,,,,,KIRIBATI|KI,,KIRIBATI|KI,,KIRIBATI|KI,,,,,,,KIRIBATI|KI,,KIRIBATI|KI,,,,,,,,,,,,,,,,,,,,,,,,,,,,,,
,PHP,,,,,,,,,,,,,,,,,,COMOROS|KM,,COMOROS|KM,,COMOROS|KM,,,,,,,COMOROS|KM,,COMOROS|KM,,,,,,,,,,,,,,,,,,,,,,,,,,,,,,
,PLN,,,,,,,,,,,,,,,,,,SAINT\s+KITTS\s+AND\s+NEVIS|KN,,SAINT\s+KITTS\s+AND\s+NEVIS|KN,,SAINT\s+KITTS\s+AND\s+NEVIS|KN,,,,,,,SAINT\s+KITTS\s+AND\s+NEVIS|KN,,SAINT\s+KITTS\s+AND\s+NEVIS|KN,,,,,,,,,,,,,,,,,,,,,,,,,,,,,,
,QAR,,,,,,,,,,,,,,,,,,DPR\s+KOREA\s+PRK|KP,,DPR\s+KOREA\s+PRK|KP,,DPR\s+KOREA\s+PRK|KP,,,,,,,DPR\s+KOREA\s+PRK|KP,,DPR\s+KOREA\s+PRK|KP,,,,,,,,,,,,,,,,,,,,,,,,,,,,,,
,RON,,,,,,,,,,,,,,,,,,SOUTH\s+KOREA|KR,,SOUTH\s+KOREA|KR,,SOUTH\s+KOREA|KR,,,,,,,SOUTH\s+KOREA|KR,,SOUTH\s+KOREA|KR,,,,,,,,,,,,,,,,,,,,,,,,,,,,,,
,RUB,,,,,,,,,,,,,,,,,,KUWAIT|KW,,KUWAIT|KW,,KUWAIT|KW,,,,,,,KUWAIT|KW,,KUWAIT|KW,,,,,,,,,,,,,,,,,,,,,,,,,,,,,,
,RWF,,,,,,,,,,,,,,,,,,CAYMAN|KY,,CAYMAN|KY,,CAYMAN|KY,,,,,,,CAYMAN|KY,,CAYMAN|KY,,,,,,,,,,,,,,,,,,,,,,,,,,,,,,
,SHP,,,,,,,,,,,,,,,,,,KAZAKHSTAN|KZ,,KAZAKHSTAN|KZ,,KAZAKHSTAN|KZ,,,,,,,KAZAKHSTAN|KZ,,KAZAKHSTAN|KZ,,,,,,,,,,,,,,,,,,,,,,,,,,,,,,
,WST,,,,,,,,,,,,,,,,,,LAOS|LA,,LAOS|LA,,LAOS|LA,,,,,,,LAOS|LA,,LAOS|LA,,,,,,,,,,,,,,,,,,,,,,,,,,,,,,
,STN,,,,,,,,,,,,,,,,,,LEBANON|LB,,LEBANON|LB,,LEBANON|LB,,,,,,,LEBANON|LB,,LEBANON|LB,,,,,,,,,,,,,,,,,,,,,,,,,,,,,,
,SAR,,,,,,,,,,,,,,,,,,SAINT\s+LUCIA|LC,,SAINT\s+LUCIA|LC,,SAINT\s+LUCIA|LC,,,,,,,SAINT\s+LUCIA|LC,,SAINT\s+LUCIA|LC,,,,,,,,,,,,,,,,,,,,,,,,,,,,,,
,RSD,,,,,,,,,,,,,,,,,,LIECHTENSTEIN|LI,,LIECHTENSTEIN|LI,,LIECHTENSTEIN|LI,,,,,,,LIECHTENSTEIN|LI,,LIECHTENSTEIN|LI,,,,,,,,,,,,,,,,,,,,,,,,,,,,,,
,SCR,,,,,,,,,,,,,,,,,,SRI\s+LANKA|LK,,SRI\s+LANKA|LK,,SRI\s+LANKA|LK,,,,,,,SRI\s+LANKA|LK,,SRI\s+LANKA|LK,,,,,,,,,,,,,,,,,,,,,,,,,,,,,,
,SLL,,,,,,,,,,,,,,,,,,LABUAN|LN,,LABUAN|LN,,LABUAN|LN,,,,,,,LABUAN|LN,,LABUAN|LN,,,,,,,,,,,,,,,,,,,,,,,,,,,,,,
,SGD,,,,,,,,,,,,,,,,,,LIBERIA|LR,,LIBERIA|LR,,LIBERIA|LR,,,,,,,LIBERIA|LR,,LIBERIA|LR,,,,,,,,,,,,,,,,,,,,,,,,,,,,,,
,XSU,,,,,,,,,,,,,,,,,,LESOTHO|LS,,LESOTHO|LS,,LESOTHO|LS,,,,,,,LESOTHO|LS,,LESOTHO|LS,,,,,,,,,,,,,,,,,,,,,,,,,,,,,,
,SBD,,,,,,,,,,,,,,,,,,LITHUANIA|LT,,LITHUANIA|LT,,LITHUANIA|LT,,,,,,,LITHUANIA|LT,,LITHUANIA|LT,,,,,,,,,,,,,,,,,,,,,,,,,,,,,,
,SOS,,,,,,,,,,,,,,,,,,LUXEMBOURG|LU,,LUXEMBOURG|LU,,LUXEMBOURG|LU,,,,,,,LUXEMBOURG|LU,,LUXEMBOURG|LU,,,,,,,,,,,,,,,,,,,,,,,,,,,,,,
,SSP,,,,,,,,,,,,,,,,,,LATVIA|LV,,LATVIA|LV,,LATVIA|LV,,,,,,,LATVIA|LV,,LATVIA|LV,,,,,,,,,,,,,,,,,,,,,,,,,,,,,,
,LKR,,,,,,,,,,,,,,,,,,LIBYA|LY,,LIBYA|LY,,LIBYA|LY,,,,,,,LIBYA|LY,,LIBYA|LY,,,,,,,,,,,,,,,,,,,,,,,,,,,,,,
,SDG,,,,,,,,,,,,,,,,,,MOROCCO|MA,,MOROCCO|MA,,MOROCCO|MA,,,,,,,MOROCCO|MA,,MOROCCO|MA,,,,,,,,,,,,,,,,,,,,,,,,,,,,,,
,SRD,,,,,,,,,,,,,,,,,,MONACO|MC,,MONACO|MC,,MONACO|MC,,,,,,,MONACO|MC,,MONACO|MC,,,,,,,,,,,,,,,,,,,,,,,,,,,,,,
,SZL,,,,,,,,,,,,,,,,,,REPUBLIC\s+OF\s+MOLDOVA|MD,,REPUBLIC\s+OF\s+MOLDOVA|MD,,REPUBLIC\s+OF\s+MOLDOVA|MD,,,,,,,REPUBLIC\s+OF\s+MOLDOVA|MD,,REPUBLIC\s+OF\s+MOLDOVA|MD,,,,,,,,,,,,,,,,,,,,,,,,,,,,,,
,SEK,,,,,,,,,,,,,,,,,,MONTENEGRO|ME,,MONTENEGRO|ME,,MONTENEGRO|ME,,,,,,,MONTENEGRO|ME,,MONTENEGRO|ME,,,,,,,,,,,,,,,,,,,,,,,,,,,,,,
,CHE,,,,,,,,,,,,,,,,,,FRENCH\s+SAINT\s+MARTIN|MF,,FRENCH\s+SAINT\s+MARTIN|MF,,FRENCH\s+SAINT\s+MARTIN|MF,,,,,,,FRENCH\s+SAINT\s+MARTIN|MF,,FRENCH\s+SAINT\s+MARTIN|MF,,,,,,,,,,,,,,,,,,,,,,,,,,,,,,
,CHW,,,,,,,,,,,,,,,,,,MADAGASCAR|MG,,MADAGASCAR|MG,,MADAGASCAR|MG,,,,,,,MADAGASCAR|MG,,MADAGASCAR|MG,,,,,,,,,,,,,,,,,,,,,,,,,,,,,,
,SYP,,,,,,,,,,,,,,,,,,MARSHALL\s+ISLANDS\s+MHL|MH,,MARSHALL\s+ISLANDS\s+MHL|MH,,MARSHALL\s+ISLANDS\s+MHL|MH,,,,,,,MARSHALL\s+ISLANDS\s+MHL|MH,,MARSHALL\s+ISLANDS\s+MHL|MH,,,,,,,,,,,,,,,,,,,,,,,,,,,,,,
,TWD,,,,,,,,,,,,,,,,,,NORTH\s+MACEDONIA|MK,,NORTH\s+MACEDONIA|MK,,NORTH\s+MACEDONIA|MK,,,,,,,NORTH\s+MACEDONIA|MK,,NORTH\s+MACEDONIA|MK,,,,,,,,,,,,,,,,,,,,,,,,,,,,,,
,TJS,,,,,,,,,,,,,,,,,,MALI|ML,,MALI|ML,,MALI|ML,,,,,,,MALI|ML,,MALI|ML,,,,,,,,,,,,,,,,,,,,,,,,,,,,,,
,TZS,,,,,,,,,,,,,,,,,,MYANMAR|MM,,MYANMAR|MM,,MYANMAR|MM,,,,,,,MYANMAR|MM,,MYANMAR|MM,,,,,,,,,,,,,,,,,,,,,,,,,,,,,,
,THB,,,,,,,,,,,,,,,,,,MONGOLIA|MN,,MONGOLIA|MN,,MONGOLIA|MN,,,,,,,MONGOLIA|MN,,MONGOLIA|MN,,,,,,,,,,,,,,,,,,,,,,,,,,,,,,
,TOP,,,,,,,,,,,,,,,,,,MACAO|MO,,MACAO|MO,,MACAO|MO,,,,,,,MACAO|MO,,MACAO|MO,,,,,,,,,,,,,,,,,,,,,,,,,,,,,,
,TTD,,,,,,,,,,,,,,,,,,NORTHERN\s+MARIANA\s+ISL\s+MNP|MP,,NORTHERN\s+MARIANA\s+ISL\s+MNP|MP,,NORTHERN\s+MARIANA\s+ISL\s+MNP|MP,,,,,,,NORTHERN\s+MARIANA\s+ISL\s+MNP|MP,,NORTHERN\s+MARIANA\s+ISL\s+MNP|MP,,,,,,,,,,,,,,,,,,,,,,,,,,,,,,
,TND,,,,,,,,,,,,,,,,,,MARTINIQUE|MQ,,MARTINIQUE|MQ,,MARTINIQUE|MQ,,,,,,,MARTINIQUE|MQ,,MARTINIQUE|MQ,,,,,,,,,,,,,,,,,,,,,,,,,,,,,,
,TRY,,,,,,,,,,,,,,,,,,MAURITANIA|MR,,MAURITANIA|MR,,MAURITANIA|MR,,,,,,,MAURITANIA|MR,,MAURITANIA|MR,,,,,,,,,,,,,,,,,,,,,,,,,,,,,,
,TMT,,,,,,,,,,,,,,,,,,MONTSERRAT|MS,,MONTSERRAT|MS,,MONTSERRAT|MS,,,,,,,MONTSERRAT|MS,,MONTSERRAT|MS,,,,,,,,,,,,,,,,,,,,,,,,,,,,,,
,UGX,,,,,,,,,,,,,,,,,,MALTA|MT,,MALTA|MT,,MALTA|MT,,,,,,,MALTA|MT,,MALTA|MT,,,,,,,,,,,,,,,,,,,,,,,,,,,,,,
,UAH,,,,,,,,,,,,,,,,,,MAURITIUS|MU,,MAURITIUS|MU,,MAURITIUS|MU,,,,,,,MAURITIUS|MU,,MAURITIUS|MU,,,,,,,,,,,,,,,,,,,,,,,,,,,,,,
,AED,,,,,,,,,,,,,,,,,,MALDIVES|MV,,MALDIVES|MV,,MALDIVES|MV,,,,,,,MALDIVES|MV,,MALDIVES|MV,,,,,,,,,,,,,,,,,,,,,,,,,,,,,,
,USN,,,,,,,,,,,,,,,,,,MALAWI|MW,,MALAWI|MW,,MALAWI|MW,,,,,,,MALAWI|MW,,MALAWI|MW,,,,,,,,,,,,,,,,,,,,,,,,,,,,,,
,UYI,,,,,,,,,,,,,,,,,,MEXICO|MX,,MEXICO|MX,,MEXICO|MX,,,,,,,MEXICO|MX,,MEXICO|MX,,,,,,,,,,,,,,,,,,,,,,,,,,,,,,
,UYU,,,,,,,,,,,,,,,,,,MALAYSIA|MY,,MALAYSIA|MY,,MALAYSIA|MY,,,,,,,MALAYSIA|MY,,MALAYSIA|MY,,,,,,,,,,,,,,,,,,,,,,,,,,,,,,
,UZS,,,,,,,,,,,,,,,,,,MOZAMBIQUE|MZ,,MOZAMBIQUE|MZ,,MOZAMBIQUE|MZ,,,,,,,MOZAMBIQUE|MZ,,MOZAMBIQUE|MZ,,,,,,,,,,,,,,,,,,,,,,,,,,,,,,
,VUV,,,,,,,,,,,,,,,,,,NAMIBIA|NA,,NAMIBIA|NA,,NAMIBIA|NA,,,,,,,NAMIBIA|NA,,NAMIBIA|NA,,,,,,,,,,,,,,,,,,,,,,,,,,,,,,
,VEF,,,,,,,,,,,,,,,,,,NEW\s+CALEDONIA|NC,,NEW\s+CALEDONIA|NC,,NEW\s+CALEDONIA|NC,,,,,,,NEW\s+CALEDONIA|NC,,NEW\s+CALEDONIA|NC,,,,,,,,,,,,,,,,,,,,,,,,,,,,,,
,VND,,,,,,,,,,,,,,,,,,NIGER|NE,,NIGER|NE,,NIGER|NE,,,,,,,NIGER|NE,,NIGER|NE,,,,,,,,,,,,,,,,,,,,,,,,,,,,,,
,YER,,,,,,,,,,,,,,,,,,NORFOLK\s+ISLAND\s+NFK|NF,,NORFOLK\s+ISLAND\s+NFK|NF,,NORFOLK\s+ISLAND\s+NFK|NF,,,,,,,NORFOLK\s+ISLAND\s+NFK|NF,,NORFOLK\s+ISLAND\s+NFK|NF,,,,,,,,,,,,,,,,,,,,,,,,,,,,,,
,ZMW,,,,,,,,,,,,,,,,,,NIGERIA|NG,,NIGERIA|NG,,NIGERIA|NG,,,,,,,NIGERIA|NG,,NIGERIA|NG,,,,,,,,,,,,,,,,,,,,,,,,,,,,,,
,ZWL,,,,,,,,,,,,,,,,,,NICARAGUA|NI,,NICARAGUA|NI,,NICARAGUA|NI,,,,,,,NICARAGUA|NI,,NICARAGUA|NI,,,,,,,,,,,,,,,,,,,,,,,,,,,,,,
,,,,,,,,,,,,,,,,,,,NETHERLANDS|NL,,NETHERLANDS|NL,,NETHERLANDS|NL,,,,,,,NETHERLANDS|NL,,NETHERLANDS|NL,,,,,,,,,,,,,,,,,,,,,,,,,,,,,,
,,,,,,,,,,,,,,,,,,,NORWAY|NO,,NORWAY|NO,,NORWAY|NO,,,,,,,NORWAY|NO,,NORWAY|NO,,,,,,,,,,,,,,,,,,,,,,,,,,,,,,
,,,,,,,,,,,,,,,,,,,NEPAL|NP,,NEPAL|NP,,NEPAL|NP,,,,,,,NEPAL|NP,,NEPAL|NP,,,,,,,,,,,,,,,,,,,,,,,,,,,,,,
,,,,,,,,,,,,,,,,,,,NAURU|NR,,NAURU|NR,,NAURU|NR,,,,,,,NAURU|NR,,NAURU|NR,,,,,,,,,,,,,,,,,,,,,,,,,,,,,,
,,,,,,,,,,,,,,,,,,,NIUE|NU,,NIUE|NU,,NIUE|NU,,,,,,,NIUE|NU,,NIUE|NU,,,,,,,,,,,,,,,,,,,,,,,,,,,,,,
,,,,,,,,,,,,,,,,,,,NEW\s+ZEALAND|NZ,,NEW\s+ZEALAND|NZ,,NEW\s+ZEALAND|NZ,,,,,,,NEW\s+ZEALAND|NZ,,NEW\s+ZEALAND|NZ,,,,,,,,,,,,,,,,,,,,,,,,,,,,,,
,,,,,,,,,,,,,,,,,,,OMAN|OM,,OMAN|OM,,OMAN|OM,,,,,,,OMAN|OM,,OMAN|OM,,,,,,,,,,,,,,,,,,,,,,,,,,,,,,
,,,,,,,,,,,,,,,,,,,PANAMA|PA,,PANAMA|PA,,PANAMA|PA,,,,,,,PANAMA|PA,,PANAMA|PA,,,,,,,,,,,,,,,,,,,,,,,,,,,,,,
,,,,,,,,,,,,,,,,,,,PERU|PE,,PERU|PE,,PERU|PE,,,,,,,PERU|PE,,PERU|PE,,,,,,,,,,,,,,,,,,,,,,,,,,,,,,
,,,,,,,,,,,,,,,,,,,FRENCH\s+POLYNESIA|PF,,FRENCH\s+POLYNESIA|PF,,FRENCH\s+POLYNESIA|PF,,,,,,,FRENCH\s+POLYNESIA|PF,,FRENCH\s+POLYNESIA|PF,,,,,,,,,,,,,,,,,,,,,,,,,,,,,,
,,,,,,,,,,,,,,,,,,,PAPUA\s+NEW\s+GUINEA\s+PNG|PG,,PAPUA\s+NEW\s+GUINEA\s+PNG|PG,,PAPUA\s+NEW\s+GUINEA\s+PNG|PG,,,,,,,PAPUA\s+NEW\s+GUINEA\s+PNG|PG,,PAPUA\s+NEW\s+GUINEA\s+PNG|PG,,,,,,,,,,,,,,,,,,,,,,,,,,,,,,
,,,,,,,,,,,,,,,,,,,PHILIPPINES|PH,,PHILIPPINES|PH,,PHILIPPINES|PH,,,,,,,PHILIPPINES|PH,,PHILIPPINES|PH,,,,,,,,,,,,,,,,,,,,,,,,,,,,,,
,,,,,,,,,,,,,,,,,,,PAKISTAN|PK,,PAKISTAN|PK,,PAKISTAN|PK,,,,,,,PAKISTAN|PK,,PAKISTAN|PK,,,,,,,,,,,,,,,,,,,,,,,,,,,,,,
,,,,,,,,,,,,,,,,,,,POLAND|PL,,POLAND|PL,,POLAND|PL,,,,,,,POLAND|PL,,POLAND|PL,,,,,,,,,,,,,,,,,,,,,,,,,,,,,,
,,,,,,,,,,,,,,,,,,,ST\s+PIERRE\s+AND\s+MIQUELON|PM,,ST\s+PIERRE\s+AND\s+MIQUELON|PM,,ST\s+PIERRE\s+AND\s+MIQUELON|PM,,,,,,,ST\s+PIERRE\s+AND\s+MIQUELON|PM,,ST\s+PIERRE\s+AND\s+MIQUELON|PM,,,,,,,,,,,,,,,,,,,,,,,,,,,,,,
,,,,,,,,,,,,,,,,,,,PITCAIRN|PN,,PITCAIRN|PN,,PITCAIRN|PN,,,,,,,PITCAIRN|PN,,PITCAIRN|PN,,,,,,,,,,,,,,,,,,,,,,,,,,,,,,
,,,,,,,,,,,,,,,,,,,PUERTO\s+RICO|PR,,PUERTO\s+RICO|PR,,PUERTO\s+RICO|PR,,,,,,,PUERTO\s+RICO|PR,,PUERTO\s+RICO|PR,,,,,,,,,,,,,,,,,,,,,,,,,,,,,,
,,,,,,,,,,,,,,,,,,,STATE\s+OF\s+PALESTINE|PS,,STATE\s+OF\s+PALESTINE|PS,,STATE\s+OF\s+PALESTINE|PS,,,,,,,STATE\s+OF\s+PALESTINE|PS,,STATE\s+OF\s+PALESTINE|PS,,,,,,,,,,,,,,,,,,,,,,,,,,,,,,
,,,,,,,,,,,,,,,,,,,PORTUGAL|PT,,PORTUGAL|PT,,PORTUGAL|PT,,,,,,,PORTUGAL|PT,,PORTUGAL|PT,,,,,,,,,,,,,,,,,,,,,,,,,,,,,,
,,,,,,,,,,,,,,,,,,,PALAU|PW,,PALAU|PW,,PALAU|PW,,,,,,,PALAU|PW,,PALAU|PW,,,,,,,,,,,,,,,,,,,,,,,,,,,,,,
,,,,,,,,,,,,,,,,,,,PARAGUAY|PY,,PARAGUAY|PY,,PARAGUAY|PY,,,,,,,PARAGUAY|PY,,PARAGUAY|PY,,,,,,,,,,,,,,,,,,,,,,,,,,,,,,
,,,,,,,,,,,,,,,,,,,QATAR|QA,,QATAR|QA,,QATAR|QA,,,,,,,QATAR|QA,,QATAR|QA,,,,,,,,,,,,,,,,,,,,,,,,,,,,,,
,,,,,,,,,,,,,,,,,,,AFRICA\s+REGION\s+OTHERS\s+(AR|RA,,AFRICA\s+REGION\s+OTHERS\s+(AR|RA,,AFRICA\s+REGION\s+OTHERS\s+(AR|RA,,,,,,,AFRICA\s+REGION\s+OTHERS\s+(AR|RA,,AFRICA\s+REGION\s+OTHERS\s+(AR|RA,,,,,,,,,,,,,,,,,,,,,,,,,,,,,,
,,,,,,,,,,,,,,,,,,,REUNION|RE,,REUNION|RE,,REUNION|RE,,,,,,,REUNION|RE,,REUNION|RE,,,,,,,,,,,,,,,,,,,,,,,,,,,,,,
,,,,,,,,,,,,,,,,,,,ROMANIA|RO,,ROMANIA|RO,,ROMANIA|RO,,,,,,,ROMANIA|RO,,ROMANIA|RO,,,,,,,,,,,,,,,,,,,,,,,,,,,,,,
,,,,,,,,,,,,,,,,,,,SERBIA|RS,,SERBIA|RS,,SERBIA|RS,,,,,,,SERBIA|RS,,SERBIA|RS,,,,,,,,,,,,,,,,,,,,,,,,,,,,,,
,,,,,,,,,,,,,,,,,,,RUSSIA|RU,,RUSSIA|RU,,RUSSIA|RU,,,,,,,RUSSIA|RU,,RUSSIA|RU,,,,,,,,,,,,,,,,,,,,,,,,,,,,,,
,,,,,,,,,,,,,,,,,,,RWANDA|RW,,RWANDA|RW,,RWANDA|RW,,,,,,,RWANDA|RW,,RWANDA|RW,,,,,,,,,,,,,,,,,,,,,,,,,,,,,,
,,,,,,,,,,,,,,,,,,,SAUDI\s+ARABIA|SA,,SAUDI\s+ARABIA|SA,,SAUDI\s+ARABIA|SA,,,,,,,SAUDI\s+ARABIA|SA,,SAUDI\s+ARABIA|SA,,,,,,,,,,,,,,,,,,,,,,,,,,,,,,
,,,,,,,,,,,,,,,,,,,SOLOMON\s+ISLANDS\s+SLB|SB,,SOLOMON\s+ISLANDS\s+SLB|SB,,SOLOMON\s+ISLANDS\s+SLB|SB,,,,,,,SOLOMON\s+ISLANDS\s+SLB|SB,,SOLOMON\s+ISLANDS\s+SLB|SB,,,,,,,,,,,,,,,,,,,,,,,,,,,,,,
,,,,,,,,,,,,,,,,,,,SEYCHELLES|SC,,SEYCHELLES|SC,,SEYCHELLES|SC,,,,,,,SEYCHELLES|SC,,SEYCHELLES|SC,,,,,,,,,,,,,,,,,,,,,,,,,,,,,,
,,,,,,,,,,,,,,,,,,,SUDAN|SD,,SUDAN|SD,,SUDAN|SD,,,,,,,SUDAN|SD,,SUDAN|SD,,,,,,,,,,,,,,,,,,,,,,,,,,,,,,
,,,,,,,,,,,,,,,,,,,SWEDEN|SE,,SWEDEN|SE,,SWEDEN|SE,,,,,,,SWEDEN|SE,,SWEDEN|SE,,,,,,,,,,,,,,,,,,,,,,,,,,,,,,
,,,,,,,,,,,,,,,,,,,SINGAPORE|SG,,SINGAPORE|SG,,SINGAPORE|SG,,,,,,,SINGAPORE|SG,,SINGAPORE|SG,,,,,,,,,,,,,,,,,,,,,,,,,,,,,,
,,,,,,,,,,,,,,,,,,,ST\s+HELENA\s+TRISTAN\s+CUNHA|SH,,ST\s+HELENA\s+TRISTAN\s+CUNHA|SH,,ST\s+HELENA\s+TRISTAN\s+CUNHA|SH,,,,,,,ST\s+HELENA\s+TRISTAN\s+CUNHA|SH,,ST\s+HELENA\s+TRISTAN\s+CUNHA|SH,,,,,,,,,,,,,,,,,,,,,,,,,,,,,,
,,,,,,,,,,,,,,,,,,,SLOVENIA|SI,,SLOVENIA|SI,,SLOVENIA|SI,,,,,,,SLOVENIA|SI,,SLOVENIA|SI,,,,,,,,,,,,,,,,,,,,,,,,,,,,,,
,,,,,,,,,,,,,,,,,,,SVALBARD\s+AND\s+JAN\s+MAYEN|SJ,,SVALBARD\s+AND\s+JAN\s+MAYEN|SJ,,SVALBARD\s+AND\s+JAN\s+MAYEN|SJ,,,,,,,SVALBARD\s+AND\s+JAN\s+MAYEN|SJ,,SVALBARD\s+AND\s+JAN\s+MAYEN|SJ,,,,,,,,,,,,,,,,,,,,,,,,,,,,,,
,,,,,,,,,,,,,,,,,,,SLOVAKIA|SK,,SLOVAKIA|SK,,SLOVAKIA|SK,,,,,,,SLOVAKIA|SK,,SLOVAKIA|SK,,,,,,,,,,,,,,,,,,,,,,,,,,,,,,
,,,,,,,,,,,,,,,,,,,SIERRA\s+LEONE|SL,,SIERRA\s+LEONE|SL,,SIERRA\s+LEONE|SL,,,,,,,SIERRA\s+LEONE|SL,,SIERRA\s+LEONE|SL,,,,,,,,,,,,,,,,,,,,,,,,,,,,,,
,,,,,,,,,,,,,,,,,,,SAN\s+MARINO|SM,,SAN\s+MARINO|SM,,SAN\s+MARINO|SM,,,,,,,SAN\s+MARINO|SM,,SAN\s+MARINO|SM,,,,,,,,,,,,,,,,,,,,,,,,,,,,,,
,,,,,,,,,,,,,,,,,,,SENEGAL|SN,,SENEGAL|SN,,SENEGAL|SN,,,,,,,SENEGAL|SN,,SENEGAL|SN,,,,,,,,,,,,,,,,,,,,,,,,,,,,,,
,,,,,,,,,,,,,,,,,,,SOMALIA|SO,,SOMALIA|SO,,SOMALIA|SO,,,,,,,SOMALIA|SO,,SOMALIA|SO,,,,,,,,,,,,,,,,,,,,,,,,,,,,,,
,,,,,,,,,,,,,,,,,,,SNPC\s+-\s+MENA\s+Others|SP,,SNPC\s+-\s+MENA\s+Others|SP,,SNPC\s+-\s+MENA\s+Others|SP,,,,,,,SNPC\s+-\s+MENA\s+Others|SP,,SNPC\s+-\s+MENA\s+Others|SP,,,,,,,,,,,,,,,,,,,,,,,,,,,,,,
,,,,,,,,,,,,,,,,,,,SURINAME|SR,,SURINAME|SR,,SURINAME|SR,,,,,,,SURINAME|SR,,SURINAME|SR,,,,,,,,,,,,,,,,,,,,,,,,,,,,,,
,,,,,,,,,,,,,,,,,,,SOUTH\s+SUDAN\s+SSD|SS,,SOUTH\s+SUDAN\s+SSD|SS,,SOUTH\s+SUDAN\s+SSD|SS,,,,,,,SOUTH\s+SUDAN\s+SSD|SS,,SOUTH\s+SUDAN\s+SSD|SS,,,,,,,,,,,,,,,,,,,,,,,,,,,,,,
,,,,,,,,,,,,,,,,,,,SAO\s+TOME\s+AND\s+PRINCIPE|ST,,SAO\s+TOME\s+AND\s+PRINCIPE|ST,,SAO\s+TOME\s+AND\s+PRINCIPE|ST,,,,,,,SAO\s+TOME\s+AND\s+PRINCIPE|ST,,SAO\s+TOME\s+AND\s+PRINCIPE|ST,,,,,,,,,,,,,,,,,,,,,,,,,,,,,,
,,,,,,,,,,,,,,,,,,,EL\s+SALVADOR|SV,,EL\s+SALVADOR|SV,,EL\s+SALVADOR|SV,,,,,,,EL\s+SALVADOR|SV,,EL\s+SALVADOR|SV,,,,,,,,,,,,,,,,,,,,,,,,,,,,,,
,,,,,,,,,,,,,,,,,,,DUTCH\s+SINT\s+MAARTEN|SX,,DUTCH\s+SINT\s+MAARTEN|SX,,DUTCH\s+SINT\s+MAARTEN|SX,,,,,,,DUTCH\s+SINT\s+MAARTEN|SX,,DUTCH\s+SINT\s+MAARTEN|SX,,,,,,,,,,,,,,,,,,,,,,,,,,,,,,
,,,,,,,,,,,,,,,,,,,SYRIA|SY,,SYRIA|SY,,SYRIA|SY,,,,,,,SYRIA|SY,,SYRIA|SY,,,,,,,,,,,,,,,,,,,,,,,,,,,,,,
,,,,,,,,,,,,,,,,,,,SWAZILAND|SZ,,SWAZILAND|SZ,,SWAZILAND|SZ,,,,,,,SWAZILAND|SZ,,SWAZILAND|SZ,,,,,,,,,,,,,,,,,,,,,,,,,,,,,,
,,,,,,,,,,,,,,,,,,,TURKS\s+AND\s+CAICOS\s+ISL\s+CCA|TC,,TURKS\s+AND\s+CAICOS\s+ISL\s+CCA|TC,,TURKS\s+AND\s+CAICOS\s+ISL\s+CCA|TC,,,,,,,TURKS\s+AND\s+CAICOS\s+ISL\s+CCA|TC,,TURKS\s+AND\s+CAICOS\s+ISL\s+CCA|TC,,,,,,,,,,,,,,,,,,,,,,,,,,,,,,
,,,,,,,,,,,,,,,,,,,CHAD|TD,,CHAD|TD,,CHAD|TD,,,,,,,CHAD|TD,,CHAD|TD,,,,,,,,,,,,,,,,,,,,,,,,,,,,,,
,,,,,,,,,,,,,,,,,,,FRENCH\s+SOUTHERN\s+TERR\s+ATF|TF,,FRENCH\s+SOUTHERN\s+TERR\s+ATF|TF,,FRENCH\s+SOUTHERN\s+TERR\s+ATF|TF,,,,,,,FRENCH\s+SOUTHERN\s+TERR\s+ATF|TF,,FRENCH\s+SOUTHERN\s+TERR\s+ATF|TF,,,,,,,,,,,,,,,,,,,,,,,,,,,,,,
,,,,,,,,,,,,,,,,,,,TOGO|TG,,TOGO|TG,,TOGO|TG,,,,,,,TOGO|TG,,TOGO|TG,,,,,,,,,,,,,,,,,,,,,,,,,,,,,,
,,,,,,,,,,,,,,,,,,,THAILAND|TH,,THAILAND|TH,,THAILAND|TH,,,,,,,THAILAND|TH,,THAILAND|TH,,,,,,,,,,,,,,,,,,,,,,,,,,,,,,
,,,,,,,,,,,,,,,,,,,TAJIKISTAN|TJ,,TAJIKISTAN|TJ,,TAJIKISTAN|TJ,,,,,,,TAJIKISTAN|TJ,,TAJIKISTAN|TJ,,,,,,,,,,,,,,,,,,,,,,,,,,,,,,
,,,,,,,,,,,,,,,,,,,TOKELAU|TK,,TOKELAU|TK,,TOKELAU|TK,,,,,,,TOKELAU|TK,,TOKELAU|TK,,,,,,,,,,,,,,,,,,,,,,,,,,,,,,
,,,,,,,,,,,,,,,,,,,TIMOR-LESTE|TL,,TIMOR-LESTE|TL,,TIMOR-LESTE|TL,,,,,,,TIMOR-LESTE|TL,,TIMOR-LESTE|TL,,,,,,,,,,,,,,,,,,,,,,,,,,,,,,
,,,,,,,,,,,,,,,,,,,TURKMENISTAN|TM,,TURKMENISTAN|TM,,TURKMENISTAN|TM,,,,,,,TURKMENISTAN|TM,,TURKMENISTAN|TM,,,,,,,,,,,,,,,,,,,,,,,,,,,,,,
,,,,,,,,,,,,,,,,,,,TUNISIA|TN,,TUNISIA|TN,,TUNISIA|TN,,,,,,,TUNISIA|TN,,TUNISIA|TN,,,,,,,,,,,,,,,,,,,,,,,,,,,,,,
,,,,,,,,,,,,,,,,,,,TONGA|TO,,TONGA|TO,,TONGA|TO,,,,,,,TONGA|TO,,TONGA|TO,,,,,,,,,,,,,,,,,,,,,,,,,,,,,,
,,,,,,,,,,,,,,,,,,,TURKEY|TR,,TURKEY|TR,,TURKEY|TR,,,,,,,TURKEY|TR,,TURKEY|TR,,,,,,,,,,,,,,,,,,,,,,,,,,,,,,
,,,,,,,,,,,,,,,,,,,TRINIDAD\s+AND\s+TOBAGO|TT,,TRINIDAD\s+AND\s+TOBAGO|TT,,TRINIDAD\s+AND\s+TOBAGO|TT,,,,,,,TRINIDAD\s+AND\s+TOBAGO|TT,,TRINIDAD\s+AND\s+TOBAGO|TT,,,,,,,,,,,,,,,,,,,,,,,,,,,,,,
,,,,,,,,,,,,,,,,,,,TUVALU|TV,,TUVALU|TV,,TUVALU|TV,,,,,,,TUVALU|TV,,TUVALU|TV,,,,,,,,,,,,,,,,,,,,,,,,,,,,,,
,,,,,,,,,,,,,,,,,,,TAIWAN|TW,,TAIWAN|TW,,TAIWAN|TW,,,,,,,TAIWAN|TW,,TAIWAN|TW,,,,,,,,,,,,,,,,,,,,,,,,,,,,,,
,,,,,,,,,,,,,,,,,,,UNITED\s+REP\s+OF\s+TANZANIA|TZ,,UNITED\s+REP\s+OF\s+TANZANIA|TZ,,UNITED\s+REP\s+OF\s+TANZANIA|TZ,,,,,,,UNITED\s+REP\s+OF\s+TANZANIA|TZ,,UNITED\s+REP\s+OF\s+TANZANIA|TZ,,,,,,,,,,,,,,,,,,,,,,,,,,,,,,
,,,,,,,,,,,,,,,,,,,UKRAINE|UA,,UKRAINE|UA,,UKRAINE|UA,,,,,,,UKRAINE|UA,,UKRAINE|UA,,,,,,,,,,,,,,,,,,,,,,,,,,,,,,
,,,,,,,,,,,,,,,,,,,UGANDA|UG,,UGANDA|UG,,UGANDA|UG,,,,,,,UGANDA|UG,,UGANDA|UG,,,,,,,,,,,,,,,,,,,,,,,,,,,,,,
,,,,,,,,,,,,,,,,,,,US\s+OUTLYING\s+ISLANDS\s+UMI|UM,,US\s+OUTLYING\s+ISLANDS\s+UMI|UM,,US\s+OUTLYING\s+ISLANDS\s+UMI|UM,,,,,,,US\s+OUTLYING\s+ISLANDS\s+UMI|UM,,US\s+OUTLYING\s+ISLANDS\s+UMI|UM,,,,,,,,,,,,,,,,,,,,,,,,,,,,,,
,,,,,,,,,,,,,,,,,,,UNITED\s+STATES|US,,UNITED\s+STATES|US,,UNITED\s+STATES|US,,,,,,,UNITED\s+STATES|US,,UNITED\s+STATES|US,,,,,,,,,,,,,,,,,,,,,,,,,,,,,,
,,,,,,,,,,,,,,,,,,,URUGUAY|UY,,URUGUAY|UY,,URUGUAY|UY,,,,,,,URUGUAY|UY,,URUGUAY|UY,,,,,,,,,,,,,,,,,,,,,,,,,,,,,,
,,,,,,,,,,,,,,,,,,,UZBEKISTAN|UZ,,UZBEKISTAN|UZ,,UZBEKISTAN|UZ,,,,,,,UZBEKISTAN|UZ,,UZBEKISTAN|UZ,,,,,,,,,,,,,,,,,,,,,,,,,,,,,,
,,,,,,,,,,,,,,,,,,,VATICAN|VA,,VATICAN|VA,,VATICAN|VA,,,,,,,VATICAN|VA,,VATICAN|VA,,,,,,,,,,,,,,,,,,,,,,,,,,,,,,
,,,,,,,,,,,,,,,,,,,VIETNAM\s+BRANCH|VB,,VIETNAM\s+BRANCH|VB,,VIETNAM\s+BRANCH|VB,,,,,,,VIETNAM\s+BRANCH|VB,,VIETNAM\s+BRANCH|VB,,,,,,,,,,,,,,,,,,,,,,,,,,,,,,
,,,,,,,,,,,,,,,,,,,ST\s+VINCENT\s+GRENADINES|VC,,ST\s+VINCENT\s+GRENADINES|VC,,ST\s+VINCENT\s+GRENADINES|VC,,,,,,,ST\s+VINCENT\s+GRENADINES|VC,,ST\s+VINCENT\s+GRENADINES|VC,,,,,,,,,,,,,,,,,,,,,,,,,,,,,,
,,,,,,,,,,,,,,,,,,,VENEZUELA|VE,,VENEZUELA|VE,,VENEZUELA|VE,,,,,,,VENEZUELA|VE,,VENEZUELA|VE,,,,,,,,,,,,,,,,,,,,,,,,,,,,,,
,,,,,,,,,,,,,,,,,,,BRITISH\s+VIRGIN\s+ISL\s+BVI|VG,,BRITISH\s+VIRGIN\s+ISL\s+BVI|VG,,BRITISH\s+VIRGIN\s+ISL\s+BVI|VG,,,,,,,BRITISH\s+VIRGIN\s+ISL\s+BVI|VG,,BRITISH\s+VIRGIN\s+ISL\s+BVI|VG,,,,,,,,,,,,,,,,,,,,,,,,,,,,,,
,,,,,,,,,,,,,,,,,,,US\s+VIRGIN\s+ISLANDS\s+VIR|VI,,US\s+VIRGIN\s+ISLANDS\s+VIR|VI,,US\s+VIRGIN\s+ISLANDS\s+VIR|VI,,,,,,,US\s+VIRGIN\s+ISLANDS\s+VIR|VI,,US\s+VIRGIN\s+ISLANDS\s+VIR|VI,,,,,,,,,,,,,,,,,,,,,,,,,,,,,,
,,,,,,,,,,,,,,,,,,,VIETNAM|VN,,VIETNAM|VN,,VIETNAM|VN,,,,,,,VIETNAM|VN,,VIETNAM|VN,,,,,,,,,,,,,,,,,,,,,,,,,,,,,,
,,,,,,,,,,,,,,,,,,,VANUATU|VU,,VANUATU|VU,,VANUATU|VU,,,,,,,VANUATU|VU,,VANUATU|VU,,,,,,,,,,,,,,,,,,,,,,,,,,,,,,
,,,,,,,,,,,,,,,,,,,WALLIS\s+AND\s+FUTUNA|WF,,WALLIS\s+AND\s+FUTUNA|WF,,WALLIS\s+AND\s+FUTUNA|WF,,,,,,,WALLIS\s+AND\s+FUTUNA|WF,,WALLIS\s+AND\s+FUTUNA|WF,,,,,,,,,,,,,,,,,,,,,,,,,,,,,,
,,,,,,,,,,,,,,,,,,,SAMOA|WS,,SAMOA|WS,,SAMOA|WS,,,,,,,SAMOA|WS,,SAMOA|WS,,,,,,,,,,,,,,,,,,,,,,,,,,,,,,
,,,,,,,,,,,,,,,,,,,Saudi\s+offshore|XA,,Saudi\s+offshore|XA,,Saudi\s+offshore|XA,,,,,,,Saudi\s+offshore|XA,,Saudi\s+offshore|XA,,,,,,,,,,,,,,,,,,,,,,,,,,,,,,
,,,,,,,,,,,,,,,,,,,SUPRANATIONAL|XB,,SUPRANATIONAL|XB,,SUPRANATIONAL|XB,,,,,,,SUPRANATIONAL|XB,,SUPRANATIONAL|XB,,,,,,,,,,,,,,,,,,,,,,,,,,,,,,
,,,,,,,,,,,,,,,,,,,KOSOVO|XK,,KOSOVO|XK,,KOSOVO|XK,,,,,,,KOSOVO|XK,,KOSOVO|XK,,,,,,,,,,,,,,,,,,,,,,,,,,,,,,
,,,,,,,,,,,,,,,,,,,LABUAN\s+(REBASED)|XL,,LABUAN\s+(REBASED)|XL,,LABUAN\s+(REBASED)|XL,,,,,,,LABUAN\s+(REBASED)|XL,,LABUAN\s+(REBASED)|XL,,,,,,,,,,,,,,,,,,,,,,,,,,,,,,
,,,,,,,,,,,,,,,,,,,YEMEN|YE,,YEMEN|YE,,YEMEN|YE,,,,,,,YEMEN|YE,,YEMEN|YE,,,,,,,,,,,,,,,,,,,,,,,,,,,,,,
,,,,,,,,,,,,,,,,,,,MAYOTTE|YT,,MAYOTTE|YT,,MAYOTTE|YT,,,,,,,MAYOTTE|YT,,MAYOTTE|YT,,,,,,,,,,,,,,,,,,,,,,,,,,,,,,
,,,,,,,,,,,,,,,,,,,SOUTH\s+AFRICA|ZA,,SOUTH\s+AFRICA|ZA,,SOUTH\s+AFRICA|ZA,,,,,,,SOUTH\s+AFRICA|ZA,,SOUTH\s+AFRICA|ZA,,,,,,,,,,,,,,,,,,,,,,,,,,,,,,
,,,,,,,,,,,,,,,,,,,ZAMBIA|ZM,,ZAMBIA|ZM,,ZAMBIA|ZM,,,,,,,ZAMBIA|ZM,,ZAMBIA|ZM,,,,,,,,,,,,,,,,,,,,,,,,,,,,,,
,,,,,,,,,,,,,,,,,,,ZIMBABWE|ZW,,ZIMBABWE|ZW,,ZIMBABWE|ZW,,,,,,,ZIMBABWE|ZW,,ZIMBABWE|ZW,,,,,,,,,,,,,,,,,,,,,,,,,,,,,,
,,,,,,,,,,,,,,,,,,,GLOBAL\s+DNB\s+(DATA\s+NOT|NB,,GLOBAL\s+DNB\s+(DATA\s+NOT|NB,,GLOBAL\s+DNB\s+(DATA\s+NOT|NB,,,,,,,GLOBAL\s+DNB\s+(DATA\s+NOT|NB,,GLOBAL\s+DNB\s+(DATA\s+NOT|NB,,,,,,,,,,,,,,,,,,,,,,,,,,,,,,
,,,,,,,,,,,,,,,,,,,GLOBAL\s+PRODUCTS|OT,,GLOBAL\s+PRODUCTS|OT,,GLOBAL\s+PRODUCTS|OT,,,,,,,GLOBAL\s+PRODUCTS|OT,,GLOBAL\s+PRODUCTS|OT,,,,,,,,,,,,,,,,,,,,,,,,,,,,,,
,,,,,,,,,,,,,,,,,,,All\s+Countries\s+/\s+Global|XX,,All\s+Countries\s+/\s+Global|XX,,All\s+Countries\s+/\s+Global|XX,,,,,,,All\s+Countries\s+/\s+Global|XX,,All\s+Countries\s+/\s+Global|XX,,,,,,,,,,,,,,,,,,,,,,,,,,,,,,
,,,,,,,,,,,,,,,,,,,UNKNOWN|ZZ,,UNKNOWN|ZZ,,UNKNOWN|ZZ,,,,,,,UNKNOWN|ZZ,,UNKNOWN|ZZ,,,,,,,,,,,,,,,,,,,,,,,,,,,,,,
